learning_rate,max_depth,min_child_weight,subsample,colsample_bytree,gamma,mean_best_iteration,value
0.030710573677773714,10,8,0.8795975452591109,0.7468055921327309,0.07799726016810132,1999,0.5662779248666034
0.011900590783184251,10,7,0.9124217733388136,0.7061753482887407,0.48495492608099716,2000,0.5625399771386806
0.12106896936002161,5,2,0.7550213529560301,0.7912726728878613,0.2623782158161189,1997,0.54951011312168
0.03647316284911211,6,7,0.7418481581956126,0.7876433945605654,0.18318092164684585,1999,0.5498637201066231
0.03920673972242137,9,2,0.8542703315240835,0.8777243706586128,0.023225206359998862,1981,0.5633498188716374
0.061721159481070736,5,1,0.984665661176,0.9896896099223678,0.40419867405823057,2000,0.5446744732997784
0.0249064396938244,4,7,0.8320457481218804,0.7366114704534336,0.2475884550556351,1998,0.5294063181103661
0.011085122517311707,10,3,0.8987566853061946,0.7935133228268233,0.2600340105889054,2000,0.5624499988482916
0.05143828405076928,5,10,0.9325398470083344,0.9818496824692567,0.4474136752138244,1999,0.5436712285404487
0.059963338824126605,10,1,0.7587948587257435,0.7135681866731614,0.16266516538163217,917,0.5618622299554675
0.16968794650474459,8,10,0.8138260006349038,0.8920265507402669,0.01936259998059145,814,0.5515747243044341
0.021929888495085748,8,4,0.8655145302433955,0.8904061899014267,0.004613686564206493,2000,0.5596319572895697
0.026324913039874234,8,5,0.8053101691463453,0.8719872932953687,0.09400166401721584,2000,0.5613987958150949
0.09693922622162522,9,8,0.8583336679090096,0.9335210179505746,0.08948809190376779,1037,0.5577434132505865
0.018489895398239697,9,5,0.9489105991062582,0.8274770010274712,0.08368600623398856,2000,0.5618564016590131
