mean_fit_time,std_fit_time,mean_score_time,std_score_time,param_clf__C,param_clf__class_weight,param_clf__penalty,params,split0_test_score,split1_test_score,split2_test_score,split3_test_score,split4_test_score,mean_test_score,std_test_score,rank_test_score
3.4983887672424316,0.17881164287097098,0.06008024215698242,0.005563525111136459,0.001,,l1,"{'clf__C': 0.001, 'clf__class_weight': None, 'clf__penalty': 'l1'}",0.0,0.0,0.0,0.0,0.0,0.0,0.0,24
3.378094434738159,0.16501860885063185,0.05932097434997559,0.004314703792525122,0.001,,l2,"{'clf__C': 0.001, 'clf__class_weight': None, 'clf__penalty': 'l2'}",0.06856291143957273,0.06207164101900944,0.05521249545949873,0.07009638252597321,0.05675915368047637,0.06254051682490609,0.006011725955968395,23
4.477531862258911,0.13545028911371468,0.059731912612915036,0.002834928164639575,0.001,balanced,l1,"{'clf__C': 0.001, 'clf__class_weight': 'balanced', 'clf__penalty': 'l1'}",0.41246949998179105,0.40851717703874435,0.4267218318650355,0.41458705235163396,0.41743841282623817,0.4159467948126886,0.006123169880806571,11
3.85387864112854,0.2088767498519066,0.06119513511657715,0.0030264216024584218,0.001,balanced,l2,"{'clf__C': 0.001, 'clf__class_weight': 'balanced', 'clf__penalty': 'l2'}",0.4070976096314703,0.4001696232949325,0.4184621738831142,0.4084284460052678,0.41212981025004436,0.4092575326129658,0.006015282992485617,12
3.143133783340454,0.026478201268538167,0.06151680946350098,0.00289559125566443,0.01,,l1,"{'clf__C': 0.01, 'clf__class_weight': None, 'clf__penalty': 'l1'}",0.27763871506049226,0.2904812834224599,0.2666532095276544,0.29891756869275604,0.27936037276289316,0.28261022989325113,0.01111563594608654,21
3.053893232345581,0.11460382492445673,0.05602426528930664,0.0006124710260744406,0.01,,l2,"{'clf__C': 0.01, 'clf__class_weight': None, 'clf__penalty': 'l2'}",0.21561668145519078,0.22811610700056914,0.2077726342986328,0.2372057035481375,0.20911043291511247,0.21956431184352856,0.011386508958755854,22
3.8566665172576906,0.12903182771511168,0.05836343765258789,0.002956927792864187,0.01,balanced,l1,"{'clf__C': 0.01, 'clf__class_weight': 'balanced', 'clf__penalty': 'l1'}",0.4384734907340736,0.43413288374588094,0.45198241141041273,0.43710166919575116,0.44062773112436826,0.4404636372420974,0.006132716155844109,8
3.550348711013794,0.09021853675020754,0.05672049522399902,0.003228786400988664,0.01,balanced,l2,"{'clf__C': 0.01, 'clf__class_weight': 'balanced', 'clf__penalty': 'l2'}",0.4192089584380159,0.4160331720801659,0.4337894699621654,0.4202056648024535,0.4242732188872355,0.4227020968340073,0.0061368886824393004,10
3.238341283798218,0.07275779236067645,0.055980253219604495,0.00210744966274111,0.1,,l1,"{'clf__C': 0.1, 'clf__class_weight': None, 'clf__penalty': 'l1'}",0.2983009461796724,0.30928050052137646,0.2872549019607843,0.3184907191398722,0.3001953325794181,0.3027044800762247,0.010552969104035085,19
2.9525163173675537,0.0807354087831677,0.05554862022399902,0.0033714502415260477,0.1,,l2,"{'clf__C': 0.1, 'clf__class_weight': None, 'clf__penalty': 'l2'}",0.2794805194805195,0.29605193146748965,0.27005910047080034,0.30094173652074924,0.28424153166421207,0.2861549639207541,0.011170361339999841,20
4.022266912460327,0.11191462134822386,0.054680585861206055,0.002409489782621482,0.1,balanced,l1,"{'clf__C': 0.1, 'clf__class_weight': 'balanced', 'clf__penalty': 'l1'}",0.4430148458317472,0.4378392946521388,0.45386552132701424,0.44174350377200333,0.4455756276791182,0.44440775865240434,0.0053478289499436695,6
3.4260982990264894,0.10123700153356119,0.056149864196777345,0.003015925540802153,0.1,balanced,l2,"{'clf__C': 0.1, 'clf__class_weight': 'balanced', 'clf__penalty': 'l2'}",0.4354284861152583,0.43133257833144584,0.44843311079493636,0.4361538749672248,0.4385516826923077,0.43797994658023465,0.005720620892115684,9
3.3417011737823485,0.16655839321073285,0.05555582046508789,0.00270004351366764,1.0,,l1,"{'clf__C': 1, 'clf__class_weight': None, 'clf__penalty': 'l1'}",0.30170316301703165,0.3132279534109817,0.2903509629484798,0.3209701869631127,0.30419651995905833,0.30608975725973286,0.010420338145661392,17
2.930721807479858,0.055581868743731666,0.055383920669555664,0.0009067583094011246,1.0,,l2,"{'clf__C': 1, 'clf__class_weight': None, 'clf__penalty': 'l2'}",0.29850442567911284,0.31130108423686403,0.2884295091603801,0.3193839294761374,0.30347799322868574,0.304219388356236,0.010607963745023577,18
4.044454622268677,0.07580116612174002,0.05473756790161133,0.0019427648422454538,1.0,balanced,l1,"{'clf__C': 1, 'clf__class_weight': 'balanced', 'clf__penalty': 'l1'}",0.4438178700704896,0.4381797146162746,0.45367483296213806,0.44216389439951165,0.44507430672590775,0.44458212375486433,0.005105729418841012,4
3.4004255294799806,0.11564312929750832,0.055058860778808595,0.0015952376757802369,1.0,balanced,l2,"{'clf__C': 1, 'clf__class_weight': 'balanced', 'clf__penalty': 'l2'}",0.4429484253765404,0.4373076923076923,0.4530729975593521,0.44116416206962145,0.44479278177091297,0.44385721181682386,0.00523030808894899,7
3.7318947315216064,0.5099368102901765,0.053395986557006836,0.002152703449665221,10.0,,l1,"{'clf__C': 10, 'clf__class_weight': None, 'clf__penalty': 'l1'}",0.30173375240798944,0.31368880573744934,0.2902942038901378,0.32151156916237245,0.30489052588500104,0.30642377141659,0.010629510179236431,14
3.0103986740112303,0.05487849066099417,0.057961463928222656,0.0034042811962450635,10.0,,l2,"{'clf__C': 10, 'clf__class_weight': None, 'clf__penalty': 'l2'}",0.30176434800243357,0.31375402848528955,0.28987775061124693,0.3216415647427474,0.3046371174122223,0.3063349618507879,0.010806920285544155,16
8.403806781768798,2.5768912214517155,0.05720210075378418,0.0016097203441210125,10.0,balanced,l1,"{'clf__C': 10, 'clf__class_weight': 'balanced', 'clf__penalty': 'l1'}",0.44407167365611894,0.4382208849284419,0.4537266965642489,0.44196956405660015,0.4454068140880696,0.44467912665869597,0.005134348353630609,3
3.539804697036743,0.03713655977960194,0.053519821166992186,0.0018570512328654198,10.0,balanced,l2,"{'clf__C': 10, 'clf__class_weight': 'balanced', 'clf__penalty': 'l2'}",0.44386025069531754,0.43803723547777823,0.45365944042986844,0.4419269939352329,0.4452960337229354,0.44455599085222647,0.005163531900754604,5
3.2329264640808106,0.09799831189603013,0.05335988998413086,0.002142651938187533,100.0,,l1,"{'clf__C': 100, 'clf__class_weight': None, 'clf__penalty': 'l1'}",0.30173375240798944,0.31383144549516784,0.2901838091513492,0.3215440582053355,0.3051263685664586,0.3064838867652601,0.010685453152633488,13
3.0134591102600097,0.1612993806109107,0.056127405166625975,0.0028157572925930057,100.0,,l2,"{'clf__C': 100, 'clf__class_weight': None, 'clf__penalty': 'l2'}",0.30173375240798944,0.31383144549516784,0.2901838091513492,0.3215440582053355,0.30477944939105517,0.3064145029301794,0.010695164570078214,15
4.0034771919250485,0.08389413841765486,0.05294218063354492,0.0013859641795177123,100.0,balanced,l1,"{'clf__C': 100, 'clf__class_weight': 'balanced', 'clf__penalty': 'l1'}",0.444114172478183,0.4381385665265837,0.45372535917139994,0.4419767219996184,0.44552633596565205,0.44469623122828744,0.0051565824818662785,2
3.524318885803223,0.20466535075647802,0.05284523963928223,0.002798484568773285,100.0,balanced,l2,"{'clf__C': 100, 'clf__class_weight': 'balanced', 'clf__penalty': 'l2'}",0.444114172478183,0.4381385665265837,0.45374907201187825,0.4419598565214073,0.44552633596565205,0.44469760070074094,0.005166671965893797,1
