mean_fit_time,std_fit_time,mean_score_time,std_score_time,param_clf__n_estimators,param_clf__learning_rate,param_clf__estimator__max_depth,params,split0_test_score,split1_test_score,split2_test_score,split3_test_score,split4_test_score,mean_test_score,std_test_score,rank_test_score
23.06153087615967,0.2836064510493622,0.23662452697753905,0.011362045137196868,50,0.01,1,"{'clf__n_estimators': 50, 'clf__learning_rate': 0.01, 'clf__estimator__max_depth': 1}",0.0,0.0,0.0,0.0,0.0,0.0,0.0,13
45.76494264602661,0.49487048423248475,0.4143354892730713,0.02191319335577877,100,0.05,1,"{'clf__n_estimators': 100, 'clf__learning_rate': 0.05, 'clf__estimator__max_depth': 1}",0.0,0.0,0.0,0.0,0.0,0.0,0.0,13
42.86209225654602,0.4401536315908156,0.23706660270690919,0.00654962823552736,50,1.0,2,"{'clf__n_estimators': 50, 'clf__learning_rate': 1.0, 'clf__estimator__max_depth': 2}",0.4607449856733524,0.480492471508194,0.4855632993796431,0.4841451454723766,0.46696472925981125,0.4755821262586755,0.009914241041845661,7
122.97904143333434,1.5035064654907082,0.43088545799255373,0.017438648806580085,100,0.05,3,"{'clf__n_estimators': 100, 'clf__learning_rate': 0.05, 'clf__estimator__max_depth': 3}",0.4550029855838949,0.45109178057873245,0.45567536422750843,0.4737874009035888,0.4491466388018112,0.4569408340191071,0.008764980221064903,10
45.44567952156067,0.3756318100720231,0.3876904010772705,0.026112325456053142,100,0.5,1,"{'clf__n_estimators': 100, 'clf__learning_rate': 0.5, 'clf__estimator__max_depth': 1}",0.439529721285867,0.4529805817010091,0.4561891515994437,0.4614372636079592,0.451342005598551,0.452295744758566,0.007253633007410672,12
245.96635880470276,2.7399766885246906,0.7238159656524659,0.031601898177918114,200,0.5,3,"{'clf__n_estimators': 200, 'clf__learning_rate': 0.5, 'clf__estimator__max_depth': 3}",0.46009703864815127,0.4903355367751653,0.4948359659781288,0.4997581035316884,0.4818721160184575,0.4853797521903182,0.013944431741146622,3
83.1540602684021,0.6350645420697236,0.3955069541931152,0.010235847397036922,100,0.5,2,"{'clf__n_estimators': 100, 'clf__learning_rate': 0.5, 'clf__estimator__max_depth': 2}",0.4733709273182957,0.48219310233941637,0.4757491966220761,0.4870848708487085,0.47095287292378607,0.47787019401045655,0.005936146348580158,5
61.26505537033081,0.8865572728275263,0.24081869125366212,0.01022669923548102,50,0.1,3,"{'clf__n_estimators': 50, 'clf__learning_rate': 0.1, 'clf__estimator__max_depth': 3}",0.46515126190874145,0.46019705292527685,0.47018385291766585,0.4785545423843296,0.46884472886493767,0.46858628780019024,0.0060689994266621,8
22.81260666847229,0.2872142122036588,0.21467056274414062,0.00725889582534579,50,0.5,1,"{'clf__n_estimators': 50, 'clf__learning_rate': 0.5, 'clf__estimator__max_depth': 1}",0.44272719954922324,0.46478758833563477,0.45176397127692786,0.4653876898481215,0.4444816894326657,0.4538296276885146,0.009680707609087189,11
123.24960641860962,1.2031994747758628,0.4081010341644287,0.01972668800442344,100,1.0,3,"{'clf__n_estimators': 100, 'clf__learning_rate': 1.0, 'clf__estimator__max_depth': 3}",0.49134837732238257,0.4796302636083533,0.48571648571648574,0.4975290929379882,0.48134081902245707,0.4871130077215334,0.006598379838170935,1
245.81917791366578,2.3628688648698812,0.847776222229004,0.02547021657279412,200,0.05,3,"{'clf__n_estimators': 200, 'clf__learning_rate': 0.05, 'clf__estimator__max_depth': 3}",0.4704606141522029,0.4728555450400069,0.4752633258857325,0.48680596020977274,0.474761026329029,0.47602929432334884,0.005646496654430611,6
246.67954692840576,2.014567461337811,0.8174226760864258,0.03777556564772163,200,0.1,3,"{'clf__n_estimators': 200, 'clf__learning_rate': 0.1, 'clf__estimator__max_depth': 3}",0.4757745550428477,0.4823678646934461,0.48865835720368506,0.4996745850959974,0.4817239950269374,0.48563987141258275,0.008117253569517273,2
254.29913964271546,3.0863069087893455,1.1616607189178467,0.03957508958799961,300,0.1,2,"{'clf__n_estimators': 300, 'clf__learning_rate': 0.1, 'clf__estimator__max_depth': 2}",0.4608189053909904,0.46463787827269637,0.4692694240432934,0.47409707468540613,0.46304113897856136,0.4663728842741895,0.004754166890589987,9
135.45660591125488,1.8757458632644806,1.167403507232666,0.05091802669403365,300,0.01,1,"{'clf__n_estimators': 300, 'clf__learning_rate': 0.01, 'clf__estimator__max_depth': 1}",0.0,0.0,0.0,0.0,0.0,0.0,0.0,13
60.983109426498416,0.720817353988131,0.21837658882141114,0.009274845436623295,50,0.5,3,"{'clf__n_estimators': 50, 'clf__learning_rate': 0.5, 'clf__estimator__max_depth': 3}",0.45820745216515607,0.4930555555555556,0.4919875446191236,0.5011239563262685,0.4785214785214785,0.4845791974375165,0.015050755521045445,4
