feature_name,importance_score
up_dow_purchase_count,0.1023834290476023
target_days_since_prior,0.0907846079269645
up_reorder_rate_after_first,0.0803468268876467
target_hour,0.06286258786019448
up_purchase_count_n5,0.05977119473514419
up_days_since_last,0.05218916214501083
target_dow,0.05208678458807493
up_orders_since_last,0.03843107361022737
up_orders_since_last_n5,0.035174498410333245
up_avg_days_between,0.02389602089691234
up_purchase_count,0.022867662391647708
up_order_ratio_by_chance,0.020890202588710407
prod_reorder_probability,0.02068522962658887
prod_reorder_ratio,0.020433356381758805
up_streak,0.020112015012450267
user_reorder_ratio,0.019526733562156777
prod_avg_orders_between,0.019487313869882634
user_avg_days_between_orders,0.019198871854365862
prod_avg_cart_position,0.01886629335777116
prod_total_purchases,0.018450947455117037
user_std_basket_size,0.01738661888710907
user_total_distinct_products,0.016828461103154266
user_avg_basket_size,0.01680404458183603
user_total_products,0.01679627131438308
up_avg_cart_position,0.01666977568372013
up_max_days_between,0.01656440733009924
user_total_orders,0.014394007169215697
aisle_reorder_ratio,0.013438126010038805
up_last_order_number,0.013068823061309598
aisle_id,0.012796998130427548
user_pref_hour,0.012003684251570234
up_first_order_number,0.011842186402081074
dept_reorder_ratio,0.008032489642667038
department_id,0.007821152286690678
user_pref_dow,0.0071081419371370955
