threshold,accuracy,f1,precision,recall
1.0,0.8351917595879794,0.2553095345684591,0.1774497487437186,0.45491143317230276
0.5,0.7453372668633431,0.2415487714072971,0.14818198428649734,0.6529790660225443
0.3333,0.6630331516575829,0.21757807964704518,0.12711979378646046,0.7544283413848631
0.25,0.5957797889894495,0.2000791608945181,0.11405685920577617,0.8140096618357487
0.2,0.5391769588479424,0.18600953895071543,0.10446428571428572,0.8478260869565217
0.1667,0.4944247212360618,0.17749938989668917,0.09872409736675414,0.8784219001610306
0.1429,0.455822791139557,0.17043982010823996,0.09413151469226236,0.9001610305958132
0.125,0.41862093104655235,0.1638259618842143,0.08994708994708994,0.9170692431561996
0.1111,0.3900695034751738,0.16014871936105757,0.08756211413943683,0.9363929146537843
0.1,0.3613680684034202,0.15529100529100529,0.08459432194840755,0.9452495974235104
0.0909,0.3370668533426671,0.15099897540983606,0.08202309725893975,0.9492753623188406
0.0833,0.3162158107905395,0.14728440481386793,0.07982426495437647,0.9508856682769726
0.0769,0.295764788239412,0.14434993924665857,0.078065448810619,0.9565217391304348
0.0714,0.27811390569528477,0.14193164933135216,0.07662195982801771,0.961352657004831
0.0667,0.263913195659783,0.1400782756002103,0.07551804497071235,0.965378421900161
0.0625,0.24986249312465622,0.1380142495977936,0.0743101101348843,0.966988727858293
0.0588,0.2377618880944047,0.13661078386950612,0.07347386377482637,0.9710144927536232
0.0556,0.22751137556877843,0.13533329602059663,0.0727218045112782,0.9734299516908212
0.0526,0.216010800540027,0.13380476216783604,0.0718310694584495,0.9750402576489533
0.05,0.20621031051552577,0.13303478783245043,0.07135743160114828,0.9806763285024155
0.0476,0.19685984299214962,0.13178378378378378,0.07063390891180901,0.9814814814814815
0.0455,0.18920946047302364,0.13070283600493218,0.07001321003963012,0.9814814814814815
0.0435,0.18160908045402271,0.12964637064610476,0.06940727666116267,0.9814814814814815
0.0417,0.17390869543477175,0.12859328023629937,0.06880397358469267,0.9814814814814815
0.04,0.16600830041502074,0.12771298572250406,0.06829241009004978,0.9830917874396136
0.0385,0.15970798539926997,0.12696763468232117,0.06786249791747653,0.9838969404186796
0.037,0.1551577578878944,0.12664116613253384,0.06766460450729121,0.9863123993558777
0.0357,0.15050752537626882,0.126304962715351,0.06746140746030874,0.9887278582930756
0.0345,0.14605730286514326,0.12608740149421757,0.0673224043715847,0.9919484702093397
0.0333,0.14135706785339267,0.12557286892758937,0.06702544031311154,0.9927536231884058
0.0323,0.13735686784339218,0.12515212981744422,0.06678211927697802,0.9935587761674718
0.0312,0.13240662033101655,0.12452696907008426,0.06642622597836034,0.9935587761674718
0.0303,0.12840642032101604,0.12402633298155687,0.06614139465080131,0.9935587761674718
0.0294,0.12455622781139057,0.1235482579094914,0.06586954200918117,0.9935587761674718
0.0286,0.12070603530176509,0.12316130640737971,0.06564609578482963,0.9943639291465378
0.0278,0.11730586529326466,0.12274511752720767,0.06540967109792914,0.9943639291465378
0.027,0.11430571528576429,0.12238022097805083,0.06520247083047358,0.9943639291465378
0.0263,0.11155557777888894,0.12213438735177866,0.06505947994525739,0.9951690821256038
0.0256,0.10870543527176359,0.12187792502093699,0.06491053156320511,0.9959742351046699
0.025,0.10595529776488824,0.12154858995774787,0.0647237337798242,0.9959742351046699
0.0244,0.10370518525926296,0.121280454924261,0.06457169702980634,0.9959742351046699
0.0238,0.1016550827541377,0.12112317777125525,0.06447916666666667,0.9967793880837359
0.0233,0.10005500275013751,0.1210197304160969,0.06441717791411043,0.9975845410628019
0.0227,0.09740487024351217,0.12070729212333772,0.0642401617669933,0.9975845410628019
0.0222,0.096004800240012,0.12054288077054044,0.0641470359823971,0.9975845410628019
0.0217,0.0943547177358868,0.1203496843127732,0.06403762662807526,0.9975845410628019
0.0213,0.09270463523176159,0.12015710614362606,0.06392858985604458,0.9975845410628019
0.0208,0.09125456272813641,0.1199883788495061,0.06383307573415765,0.9975845410628019
0.0204,0.0896044802240112,0.11979695431472082,0.06372473383737078,0.9975845410628019
0.02,0.08815440772038602,0.11971423054643754,0.06367464311389545,0.998389694041868
0.0196,0.08685434271713585,0.11956416931829139,0.06358974358974359,0.998389694041868
0.0192,0.08570428521426071,0.1194317360943896,0.06351482866362751,0.998389694041868
0.0189,0.0848042402120106,0.11932829716595295,0.06345632260375621,0.998389694041868
0.0185,0.08370418520926046,0.11920211487623167,0.0633849614067372,0.998389694041868
0.0182,0.08255412770638532,0.1190704820434031,0.06331052792811191,0.998389694041868
0.0179,0.08125406270313516,0.11892202934688789,0.06322659596165613,0.998389694041868
0.0175,0.07990399519975999,0.11885265526983671,0.06318415559289242,0.999194847020934
0.0172,0.07905395269763488,0.11875598086124402,0.06312951470139383,0.999194847020934
0.0169,0.07820391019550978,0.11865946359420566,0.06307496823379924,0.999194847020934
0.0167,0.07750387519375969,0.1185800965075725,0.06303011834018996,0.999194847020934
0.0164,0.07660383019150957,0.11847820898372237,0.06297254782564571,0.999194847020934
0.0161,0.07615380769038452,0.11842733085218055,0.0629438019882329,0.999194847020934
0.0159,0.07510375518775939,0.11830878497545164,0.06287683031869079,0.999194847020934
0.0156,0.07425371268563428,0.11821299295103829,0.06282271944922548,0.999194847020934
0.0154,0.07345367268363419,0.11812297734627832,0.06277187658067779,0.999194847020934
0.0152,0.07305365268263413,0.1180780209324453,0.06274648599453939,0.999194847020934
0.0149,0.07265363268163408,0.11803309872550885,0.06272111594056404,0.999194847020934
0.0147,0.072003600180009,0.11796017299558006,0.06267993332996616,0.999194847020934
0.0145,0.07145357267863393,0.11789853695610868,0.06264512872286723,0.999194847020934
0.0143,0.07085354267713385,0.1178313710596278,0.06260720411663807,0.999194847020934
0.0141,0.07020351017550877,0.11775869431133464,0.06256617091000756,0.999194847020934
0.0139,0.06980349017450872,0.11771401470239506,0.06254094642947135,0.999194847020934
0.0137,0.06940347017350867,0.11766936898497132,0.0625157422799859,0.999194847020934
0.0135,0.06885344267213361,0.11760803639120546,0.06248111972611016,0.999194847020934
0.0133,0.06850342517125857,0.11756903983705178,0.062459107151844585,0.999194847020934
0.0132,0.06810340517025851,0.11752450400113641,0.06243396890878905,0.999194847020934
0.013,0.06775338766938346,0.11748556281359462,0.062411989539328104,0.999194847020934
0.0128,0.06745337266863344,0.1174522051864471,0.062393162393162394,0.999194847020934
0.0127,0.0671533576678834,0.11741886649635727,0.062374346602332126,0.999194847020934
0.0125,0.06680334016700835,0.11737999527074959,0.06235240918454504,0.999194847020934
0.0123,0.06650332516625831,0.11734669755567112,0.06233361796172585,0.999194847020934
0.0122,0.06610330516525827,0.11730232997778724,0.06230858060952955,0.999194847020934
0.012,0.06575328766438322,0.11726353585939715,0.06228668941979522,0.999194847020934
0.0119,0.06545327266363318,0.1172303041753259,0.06226793778223783,0.999194847020934
0.0118,0.06525326266313315,0.11720816018133737,0.062255442961773856,0.999194847020934
0.0116,0.06490324516225811,0.11716942831515838,0.06223358908780904,0.999194847020934
0.0115,0.06455322766138306,0.1171307220386975,0.06221175055143373,0.999194847020934
0.0114,0.06425321266063304,0.11709756557841101,0.06219304400120276,0.999194847020934
0.0112,0.06420321016050802,0.11717533845936129,0.06223380267575287,1.0
0.0111,0.06375318765938297,0.11712561297623539,0.06220574977461685,1.0
0.011,0.06360318015900795,0.11710904719249446,0.06219640442686163,1.0
0.0109,0.06340317015850792,0.11708696676879567,0.06218394833024583,1.0
0.0108,0.0632031601580079,0.11706489466987134,0.062171497221805073,1.0
0.0106,0.06305315265763288,0.11704834605597965,0.062162162162162166,1.0
0.0105,0.06280314015700784,0.11702077542752155,0.0621466099574681,1.0
0.0104,0.06265313265663283,0.11700423928403203,0.062137282369421655,1.0
0.0103,0.0624031201560078,0.1169766894278314,0.06212174260991347,1.0
0.0102,0.06215310765538277,0.11694915254237288,0.062106210621062106,1.0
0.0101,0.062103105155257764,0.11694364672096418,0.062103105155257764,1.0
