model_a,model_b,prediction_disagreement_rate,both_error_rate,model_a_only_error_rate,model_b_only_error_rate,both_correct_rate,error_jaccard
last_basket,logreg,0.19004,0.14264,0.09345333333333333,0.09658666666666667,0.66732,0.42876037032583864
last_basket,rf,0.19865333333333332,0.08173333333333334,0.15436,0.04429333333333333,0.7196133333333333,0.29150221123210807
last_basket,adaboost,0.20208,0.08276,0.15333333333333332,0.04874666666666667,0.71516,0.29054908018536724
last_basket,xgboost,0.20685333333333333,0.08124,0.15485333333333334,0.052,0.7119066666666667,0.28199194705419545
logreg,rf,0.1536,0.10582666666666667,0.1334,0.0202,0.7405733333333333,0.40792516831988485
logreg,adaboost,0.15713333333333335,0.1068,0.13242666666666666,0.024706666666666665,0.7360666666666666,0.4046476382924981
logreg,xgboost,0.16153333333333333,0.10546666666666667,0.13376,0.027773333333333334,0.733,0.3950062421972534
rf,adaboost,0.0486,0.10446666666666667,0.02156,0.02704,0.8469333333333333,0.6824912891986064
rf,xgboost,0.041453333333333335,0.10890666666666667,0.01712,0.024333333333333332,0.84964,0.7243061097809701
adaboost,xgboost,0.062213333333333336,0.10126666666666667,0.03024,0.03197333333333333,0.83652,0.6194437647826443
