user_id,product_id,label,last_basket_pred,logreg_pred,rf_pred,adaboost_pred,xgboost_pred,last_basket_prob,logreg_prob,rf_prob,adaboost_prob,xgboost_prob,n_models_pred_positive,n_models_pred_negative,prob_range,models_pred_positive,models_pred_negative,disagreement_type
173850,20463,0,1,1,1,1,0,1.0,0.761635,0.488886,0.474054,0.100419,4,1,0.899581,last_basket;logreg;rf;adaboost,xgboost,split_vote
63948,34300,0,1,1,1,1,0,1.0,0.65084,0.456683,0.462011,0.104779,4,1,0.895221,last_basket;logreg;rf;adaboost,xgboost,split_vote
47413,20119,0,1,1,1,1,0,1.0,0.6717,0.432158,0.452458,0.116659,4,1,0.883341,last_basket;logreg;rf;adaboost,xgboost,split_vote
80032,38185,1,1,1,1,1,0,1.0,0.513302,0.431849,0.455067,0.135408,4,1,0.864592,last_basket;logreg;rf;adaboost,xgboost,split_vote
190153,32553,0,1,1,1,1,0,1.0,0.732412,0.431566,0.455977,0.15153,4,1,0.8484700000000001,last_basket;logreg;rf;adaboost,xgboost,split_vote
204961,5373,0,1,1,1,1,0,1.0,0.613944,0.459966,0.462836,0.155629,4,1,0.844371,last_basket;logreg;rf;adaboost,xgboost,split_vote
138246,38456,0,1,1,1,1,0,1.0,0.707156,0.526915,0.460829,0.159229,4,1,0.8407709999999999,last_basket;logreg;rf;adaboost,xgboost,split_vote
157520,47626,0,1,1,1,1,0,1.0,0.912474,0.472103,0.475589,0.160099,4,1,0.839901,last_basket;logreg;rf;adaboost,xgboost,split_vote
138246,36550,0,1,1,1,1,0,1.0,0.607306,0.437038,0.481077,0.181252,4,1,0.818748,last_basket;logreg;rf;adaboost,xgboost,split_vote
111112,35142,1,1,1,1,1,0,1.0,0.613494,0.464027,0.459923,0.184264,4,1,0.815736,last_basket;logreg;rf;adaboost,xgboost,split_vote
188020,27966,0,1,1,1,1,0,1.0,0.873075,0.461527,0.482851,0.184507,4,1,0.815493,last_basket;logreg;rf;adaboost,xgboost,split_vote
27772,47672,0,1,1,1,1,0,1.0,0.543545,0.436326,0.479036,0.186268,4,1,0.813732,last_basket;logreg;rf;adaboost,xgboost,split_vote
119938,36011,1,1,1,1,1,0,1.0,0.530204,0.481612,0.491349,0.187254,4,1,0.812746,last_basket;logreg;rf;adaboost,xgboost,split_vote
89158,35003,1,1,1,1,1,0,1.0,0.51998,0.444285,0.482431,0.192648,4,1,0.807352,last_basket;logreg;rf;adaboost,xgboost,split_vote
117127,7948,0,1,1,1,1,0,1.0,0.848579,0.478713,0.493045,0.193091,4,1,0.806909,last_basket;logreg;rf;adaboost,xgboost,split_vote
174404,12872,0,1,1,1,1,0,1.0,0.708701,0.452037,0.477515,0.194516,4,1,0.805484,last_basket;logreg;rf;adaboost,xgboost,split_vote
86769,17668,1,1,1,1,1,0,1.0,0.600286,0.446418,0.463556,0.197775,4,1,0.802225,last_basket;logreg;rf;adaboost,xgboost,split_vote
203421,16965,0,1,1,1,1,0,1.0,0.573876,0.456265,0.497003,0.200879,4,1,0.799121,last_basket;logreg;rf;adaboost,xgboost,split_vote
143423,15285,0,0,1,1,1,1,0.2,0.997496,0.599682,0.495727,0.533796,4,1,0.797496,logreg;rf;adaboost;xgboost,last_basket,split_vote
33124,17461,0,1,1,1,1,0,1.0,0.619421,0.567861,0.473618,0.206359,4,1,0.793641,last_basket;logreg;rf;adaboost,xgboost,split_vote
85125,4920,0,0,1,1,1,1,0.2,0.99265,0.607356,0.467468,0.503861,4,1,0.7926500000000001,logreg;rf;adaboost;xgboost,last_basket,split_vote
25186,9009,0,1,1,1,1,0,1.0,0.57821,0.453377,0.488384,0.214025,4,1,0.785975,last_basket;logreg;rf;adaboost,xgboost,split_vote
71934,23025,0,1,1,1,1,0,1.0,0.731267,0.497837,0.47786,0.218303,4,1,0.781697,last_basket;logreg;rf;adaboost,xgboost,split_vote
92699,42828,0,1,1,1,1,0,1.0,0.679351,0.598729,0.482132,0.22045,4,1,0.77955,last_basket;logreg;rf;adaboost,xgboost,split_vote
92183,25123,1,1,1,1,1,0,1.0,0.641824,0.442984,0.527726,0.221743,4,1,0.778257,last_basket;logreg;rf;adaboost,xgboost,split_vote
22507,46606,0,1,1,1,1,0,1.0,0.877287,0.556118,0.473841,0.222859,4,1,0.777141,last_basket;logreg;rf;adaboost,xgboost,split_vote
63948,20619,0,1,1,1,1,0,1.0,0.648341,0.612537,0.501617,0.226234,4,1,0.773766,last_basket;logreg;rf;adaboost,xgboost,split_vote
34990,45210,0,1,1,1,1,0,1.0,0.653179,0.520224,0.457357,0.227428,4,1,0.772572,last_basket;logreg;rf;adaboost,xgboost,split_vote
128089,43122,0,1,1,1,1,0,1.0,0.828612,0.552482,0.480907,0.227989,4,1,0.772011,last_basket;logreg;rf;adaboost,xgboost,split_vote
94845,47626,1,1,1,1,1,0,1.0,0.772297,0.596141,0.464289,0.230291,4,1,0.769709,last_basket;logreg;rf;adaboost,xgboost,split_vote
