axis,cohort_value,model,model_label,n_rows,n_positives,positive_rate,tp,fp,fn,tn,precision,recall,f1,miss_rate,false_alarm_rate
Product reorder rate,high_reorder,adaboost,AdaBoost,39793.0,6740.0,0.1693765235091599,5062.0,5044.0,1678.0,28009.0,0.5008905600633287,0.7510385756676558,0.6009735248723733,0.24896142433234422,0.15260339454814995
Product reorder rate,mid_reorder,adaboost,AdaBoost,33719.0,2622.0,0.07776031317654734,1290.0,1792.0,1332.0,29305.0,0.41855937702790397,0.4919908466819222,0.4523141654978962,0.5080091533180778,0.05762613756954047
Product reorder rate,occasional,adaboost,AdaBoost,1488.0,16.0,0.010752688172043012,1.0,2.0,15.0,1470.0,0.3333333333333333,0.0625,0.10526315789473684,0.9375,0.001358695652173913
Product reorder rate,high_reorder,last_basket,Last Basket,39793.0,6740.0,0.1693765235091599,4005.0,8411.0,2735.0,24642.0,0.32256765463917525,0.594213649851632,0.4181457506786386,0.40578635014836795,0.25447009348621913
Product reorder rate,mid_reorder,last_basket,Last Basket,33719.0,2622.0,0.07776031317654734,1192.0,4983.0,1430.0,26114.0,0.19303643724696357,0.45461479786422576,0.2710014777765147,0.5453852021357742,0.16024053767244428
Product reorder rate,occasional,last_basket,Last Basket,1488.0,16.0,0.010752688172043012,5.0,137.0,11.0,1335.0,0.035211267605633804,0.3125,0.06329113924050633,0.6875,0.09307065217391304
Product reorder rate,high_reorder,logreg,Logistic Regression,39793.0,6740.0,0.1693765235091599,5634.0,11870.0,1106.0,21183.0,0.3218692870201097,0.8359050445103857,0.4647747896386735,0.16409495548961425,0.35912020088948055
Product reorder rate,mid_reorder,logreg,Logistic Regression,33719.0,2622.0,0.07776031317654734,1546.0,3870.0,1076.0,27227.0,0.28545051698670604,0.589626239511823,0.38467280418014427,0.410373760488177,0.12444930379136251
Product reorder rate,occasional,logreg,Logistic Regression,1488.0,16.0,0.010752688172043012,2.0,6.0,14.0,1466.0,0.25,0.125,0.16666666666666666,0.875,0.004076086956521739
Product reorder rate,high_reorder,rf,Random Forest,39793.0,6740.0,0.1693765235091599,5040.0,4876.0,1700.0,28177.0,0.5082694634933441,0.7477744807121661,0.6051873198847262,0.2522255192878338,0.14752064865519016
Product reorder rate,mid_reorder,rf,Random Forest,33719.0,2622.0,0.07776031317654734,1189.0,1427.0,1433.0,29670.0,0.45451070336391436,0.45347063310450036,0.45399007254677354,0.5465293668954996,0.04588867093288742
Product reorder rate,occasional,rf,Random Forest,1488.0,16.0,0.010752688172043012,0.0,0.0,16.0,1472.0,,0.0,0.0,1.0,0.0
Product reorder rate,high_reorder,xgboost,XGBoost,39793.0,6740.0,0.1693765235091599,5057.0,5231.0,1683.0,27822.0,0.49154354587869364,0.7502967359050445,0.5939628846605591,0.2497032640949555,0.15826097479805162
Product reorder rate,mid_reorder,xgboost,XGBoost,33719.0,2622.0,0.07776031317654734,1268.0,1709.0,1354.0,29388.0,0.4259321464561639,0.4836003051106026,0.45293802464725846,0.5163996948893974,0.05495706981380841
Product reorder rate,occasional,xgboost,XGBoost,1488.0,16.0,0.010752688172043012,1.0,1.0,15.0,1471.0,0.5,0.0625,0.1111111111111111,0.9375,0.0006793478260869565
User activity,cold_start,adaboost,AdaBoost,3531.0,475.0,0.13452279807419995,299.0,367.0,176.0,2689.0,0.44894894894894893,0.6294736842105263,0.5241016652059596,0.3705263157894737,0.12009162303664922
User activity,power_user,adaboost,AdaBoost,33723.0,4069.0,0.12065949055540728,2816.0,2793.0,1253.0,26861.0,0.5020502763415938,0.6920619316785451,0.5819384170283116,0.3079380683214549,0.0941862817832333
User activity,regular,adaboost,AdaBoost,37746.0,4834.0,0.12806655009802362,3238.0,3678.0,1596.0,29234.0,0.4681897050318103,0.6698386429458005,0.5511489361702128,0.3301613570541994,0.11175255226057365
User activity,cold_start,last_basket,Last Basket,3531.0,475.0,0.13452279807419995,325.0,1247.0,150.0,1809.0,0.20674300254452926,0.6842105263157895,0.3175378602833415,0.3157894736842105,0.40804973821989526
User activity,power_user,last_basket,Last Basket,33723.0,4069.0,0.12065949055540728,2058.0,4611.0,2011.0,25043.0,0.30859199280251914,0.5057753747849595,0.38331160365058675,0.49422462521504057,0.15549335671410264
User activity,regular,last_basket,Last Basket,37746.0,4834.0,0.12806655009802362,2819.0,7673.0,2015.0,25239.0,0.26868089973313003,0.583160943318163,0.3678715907607987,0.41683905668183696,0.2331368497812348
User activity,cold_start,logreg,Logistic Regression,3531.0,475.0,0.13452279807419995,319.0,686.0,156.0,2370.0,0.3174129353233831,0.671578947368421,0.4310810810810811,0.32842105263157895,0.2244764397905759
User activity,power_user,logreg,Logistic Regression,33723.0,4069.0,0.12065949055540728,3168.0,5947.0,901.0,23707.0,0.3475589687328579,0.7785696731383632,0.4805825242718446,0.22143032686163677,0.20054630066770082
User activity,regular,logreg,Logistic Regression,37746.0,4834.0,0.12806655009802362,3695.0,9113.0,1139.0,23799.0,0.2884915677701437,0.7643773272652048,0.4188867475342932,0.2356226727347952,0.27688988818667964
User activity,cold_start,rf,Random Forest,3531.0,475.0,0.13452279807419995,261.0,268.0,214.0,2788.0,0.4933837429111531,0.5494736842105263,0.5199203187250996,0.45052631578947366,0.08769633507853403
User activity,power_user,rf,Random Forest,33723.0,4069.0,0.12065949055540728,2797.0,2748.0,1272.0,26906.0,0.5044183949504057,0.687392479724748,0.5818597878094445,0.3126075202752519,0.0926687799285088
User activity,regular,rf,Random Forest,37746.0,4834.0,0.12806655009802362,3171.0,3287.0,1663.0,29625.0,0.49101889129761533,0.6559784857261067,0.5616365568544103,0.34402151427389327,0.09987238697131745
User activity,cold_start,xgboost,XGBoost,3531.0,475.0,0.13452279807419995,269.0,332.0,206.0,2724.0,0.4475873544093178,0.5663157894736842,0.5,0.4336842105263158,0.10863874345549739
User activity,power_user,xgboost,XGBoost,33723.0,4069.0,0.12065949055540728,2766.0,2857.0,1303.0,26797.0,0.4919082340387693,0.6797739002211846,0.5707800247626909,0.32022609977881544,0.0963445066432859
User activity,regular,xgboost,XGBoost,37746.0,4834.0,0.12806655009802362,3291.0,3752.0,1543.0,29160.0,0.46727246911827347,0.680802647910633,0.5541803485728719,0.319197352089367,0.11400097228974235
Aisle variance,high_variance,adaboost,AdaBoost,6520.0,1035.0,0.15874233128834356,811.0,665.0,224.0,4820.0,0.5494579945799458,0.7835748792270532,0.645957785742732,0.21642512077294687,0.12123974475843209
Aisle variance,low_variance,adaboost,AdaBoost,5969.0,579.0,0.09700117272574971,354.0,403.0,225.0,4987.0,0.4676354029062087,0.6113989637305699,0.5299401197604791,0.38860103626943004,0.07476808905380333
Aisle variance,high_variance,last_basket,Last Basket,6520.0,1035.0,0.15874233128834356,662.0,1326.0,373.0,4159.0,0.3329979879275654,0.6396135265700483,0.4379755210056236,0.36038647342995167,0.24175022789425707
Aisle variance,low_variance,last_basket,Last Basket,5969.0,579.0,0.09700117272574971,287.0,971.0,292.0,4419.0,0.22813990461049286,0.49568221070811747,0.3124659771366359,0.5043177892918825,0.18014842300556586
Aisle variance,high_variance,logreg,Logistic Regression,6520.0,1035.0,0.15874233128834356,868.0,1617.0,167.0,3868.0,0.3492957746478873,0.8386473429951691,0.4931818181818181,0.16135265700483092,0.29480401093892433
Aisle variance,low_variance,logreg,Logistic Regression,5969.0,579.0,0.09700117272574971,414.0,910.0,165.0,4480.0,0.31268882175226587,0.7150259067357513,0.4351024697845508,0.2849740932642487,0.16883116883116883
Aisle variance,high_variance,rf,Random Forest,6520.0,1035.0,0.15874233128834356,794.0,625.0,241.0,4860.0,0.5595489781536294,0.7671497584541063,0.6471067644661777,0.23285024154589373,0.11394712853236098
Aisle variance,low_variance,rf,Random Forest,5969.0,579.0,0.09700117272574971,353.0,347.0,226.0,5043.0,0.5042857142857143,0.6096718480138169,0.5519937451133698,0.3903281519861831,0.06437847866419295
Aisle variance,high_variance,xgboost,XGBoost,6520.0,1035.0,0.15874233128834356,800.0,647.0,235.0,4838.0,0.55286800276434,0.7729468599033816,0.6446414182111201,0.22705314009661837,0.1179580674567001
Aisle variance,low_variance,xgboost,XGBoost,5969.0,579.0,0.09700117272574971,356.0,369.0,223.0,5021.0,0.4910344827586207,0.614853195164076,0.5460122699386503,0.385146804835924,0.06846011131725417
