model,model_label,subgroup,n_rows,n_users,positive_rate,precision,recall,f1,miss_rate,false_alarm_rate
last_basket,Last Basket,cold_start_none_user,1753,203,0.0,0.0,0.0,0.0,,0.3981745579007416
last_basket,Last Basket,cold_start_user,1778,156,0.2671541057367829,0.3718535469107552,0.6842105263157895,0.48183839881393625,0.3157894736842105,0.42133537989255565
last_basket,Last Basket,none_user,33773,3326,0.0,0.0,0.0,0.0,,0.21271429840405057
last_basket,Last Basket,regular_user,37696,2799,0.23617890492359933,0.48882429588052523,0.5477928788048972,0.5166313559322034,0.45220712119510276,0.17712638488521515
logreg,Logistic Regression,cold_start_none_user,1753,203,0.0,0.0,0.0,0.0,,0.1853964632059327
logreg,Logistic Regression,cold_start_user,1778,156,0.2671541057367829,0.46911764705882353,0.671578947368421,0.5523809523809524,0.32842105263157895,0.27705295471987723
logreg,Logistic Regression,none_user,33773,3326,0.0,0.0,0.0,0.0,,0.20480857489710716
logreg,Logistic Regression,regular_user,37696,2799,0.23617890492359933,0.4573503931760629,0.770863753790857,0.5740934376176335,0.229136246209143,0.28281179453339356
rf,Random Forest,cold_start_none_user,1753,203,0.0,0.0,0.0,0.0,,0.027381631488876214
rf,Random Forest,cold_start_user,1778,156,0.2671541057367829,0.5426195426195426,0.5494736842105263,0.5460251046025104,0.45052631578947366,0.1688411358403684
rf,Random Forest,none_user,33773,3326,0.0,0.0,0.0,0.0,,0.025760222663074053
rf,Random Forest,regular_user,37696,2799,0.23617890492359933,0.5360639540105991,0.6703358418510614,0.5957276901577161,0.32966415814893857,0.17938387802590908
adaboost,AdaBoost,cold_start_none_user,1753,203,0.0,0.0,0.0,0.0,,0.03993154592127781
adaboost,AdaBoost,cold_start_user,1778,156,0.2671541057367829,0.5016778523489933,0.6294736842105263,0.5583566760037348,0.3705263157894737,0.22793553338449732
adaboost,AdaBoost,none_user,33773,3326,0.0,0.0,0.0,0.0,,0.02851390163740266
adaboost,AdaBoost,regular_user,37696,2799,0.23617890492359933,0.5236118318629995,0.6799955071324273,0.5916442707060836,0.3200044928675727,0.19129649567603238
xgboost,XGBoost,cold_start_none_user,1753,203,0.0,0.0,0.0,0.0,,0.04164289788933257
xgboost,XGBoost,cold_start_user,1778,156,0.2671541057367829,0.509469696969697,0.5663157894736842,0.5363908275174477,0.4336842105263158,0.1987720644666155
xgboost,XGBoost,none_user,33773,3326,0.0,0.0,0.0,0.0,,0.02824741657537086
xgboost,XGBoost,regular_user,37696,2799,0.23617890492359933,0.5171618852459017,0.6803324722003818,0.5876303662381761,0.3196675277996181,0.19640190324037093
